{
  "image": "C:\\Users\\ADMIN\\OneDrive\\Desktop\\xrayy\\xr-classifier\\COVID-19_Radiography_Dataset\\Lung_Opacity\\images\\Lung_Opacity-3954.png",
  "predicted_class": 0,
  "probs_calibrated": [
    0.9491594433784485,
    0.05083872005343437,
    2.1877456219954183e-06
  ],
  "uncertainty_std": [
    2.980232238769531e-07,
    7.450580596923828e-09,
    0.0
  ]
}