{
  "image": "C:\\Users\\ADMIN\\OneDrive\\Desktop\\xrayy\\xr-classifier\\COVID-19_Radiography_Dataset\\Lung_Opacity\\images\\Lung_Opacity-3991.png",
  "predicted_class": 0,
  "probs_calibrated": [
    0.9409826397895813,
    0.05900002643465996,
    1.7657006537774578e-05
  ],
  "uncertainty_std": [
    2.980232238769531e-07,
    1.1175870895385742e-08,
    1.8189894035458565e-12
  ]
}