{
  "image": "C:\\Users\\ADMIN\\OneDrive\\Desktop\\xrayy\\xr-classifier\\COVID-19_Radiography_Dataset\\Normal\\images\\Normal-158.png",
  "predicted_class": 1,
  "probs_calibrated": [
    2.850145938282367e-05,
    0.9934290051460266,
    0.006542622111737728
  ],
  "uncertainty_std": [
    3.637978807091713e-12,
    2.384185791015625e-07,
    0.0
  ]
}