{
  "image": "C:\\Users\\ADMIN\\OneDrive\\Desktop\\xrayy\\xr-classifier\\COVID-19_Radiography_Dataset\\Normal\\images\\Normal-2773.png",
  "predicted_class": 1,
  "probs_calibrated": [
    0.004227549768984318,
    0.9957725405693054,
    2.0934969313657348e-08
  ],
  "uncertainty_std": [
    9.313225746154785e-10,
    1.1920928955078125e-07,
    3.552713678800501e-15
  ]
}