{
  "image": "C:\\Users\\ADMIN\\OneDrive\\Desktop\\xrayy\\xr-classifier\\COVID-19_Radiography_Dataset\\Normal\\images\\Normal-8628.png",
  "predicted_class": 1,
  "probs_calibrated": [
    0.017577756196260452,
    0.9824220538139343,
    6.058383661411426e-08
  ],
  "uncertainty_std": [
    1.862645149230957e-09,
    1.1920928955078125e-07,
    7.105427357601002e-15
  ]
}